{
  "HALProvider": {
    "Other Devices": {
      "Talon SRX[1]/Fwd Limit": {
        "header": {
          "open": true
        }
      }
    }
  },
  "NTProvider": {
    "types": {
      "/FMSInfo": "FMSInfo",
      "/SmartDashboard/Field": "Field2d"
    },
    "windows": {
      "/SmartDashboard/Field": {
        "Robot": {
          "arrowColor": [
            0.1645040512084961,
            0.38845062255859375,
            0.7990195751190186,
            255.0
          ],
          "color": [
            0.26195818185806274,
            0.18185313045978546,
            0.8627451062202454,
            255.0
          ]
        },
        "image": "C:\\Users\\aricv\\Desktop\\RamseteExample\\RamseteExample\\2023-field.png",
        "traj": {
          "arrowColor": [
            0.29685696959495544,
            0.46124234795570374,
            0.6960784196853638,
            255.0
          ],
          "arrowSize": 0,
          "color": [
            0.3699558973312378,
            0.2437283843755722,
            0.720588207244873,
            255.0
          ],
          "width": 0.10000000149011612
        },
        "window": {
          "visible": true
        }
      }
    }
  },
  "NetworkTables": {
    "Persistent Values": {
      "open": false
    },
    "transitory": {
      "LiveWindow": {
        "open": true
      },
      "Shuffleboard": {
        "open": true
      },
      "SmartDashboard": {
        "Field": {
          "open": true
        },
        "open": true
      }
    }
  }
}
